state,year,month,demand_mw,model_demand_mw,demand_source,demand_proxy_used,supply_mw,demand_from_generation_mw,generation_total_gwh,clean_generation_gwh,renewables_pct,fossil_pct,co2_intensity_g_per_kwh,demand_lag_1,demand_lag_3,supply_lag_1,demand_roll3_mean,supply_roll3_mean,month_sin,month_cos,target_next_demand_mw
Andaman And Nicobar,2020,1,,18.061155913978496,generation_proxy,True,19.76892786303372,18.061155913978496,13.4375,2.919166666666667,20.635,79.36749999999999,563.4725,12.359991039426522,,17.134871263687483,12.359991039426522,17.134871263687483,0.49999999999999994,0.8660254037844387,14.657258064516132
Andaman And Nicobar,2021,1,,14.657258064516132,generation_proxy,True,19.086661908840043,14.657258064516132,10.905000000000001,2.9525,27.680833333333336,72.32083333333334,517.2441666666667,18.061155913978496,,19.76892786303372,15.210573476702509,18.4518995633606,0.49999999999999994,0.8660254037844387,24.073700716845877
Andaman And Nicobar,2022,1,,24.073700716845877,generation_proxy,True,20.95283057250799,24.073700716845877,17.910833333333333,3.1466666666666665,20.450833333333332,79.55083333333333,564.875,14.657258064516132,12.359991039426522,19.086661908840043,15.026135005973716,18.66348701185375,0.49999999999999994,0.8660254037844387,41.24663978494624
Andaman And Nicobar,2023,1,,41.24663978494624,generation_proxy,True,22.876080694485545,41.24663978494624,30.6875,2.98,9.713333333333333,90.28500000000001,635.8883333333333,24.073700716845877,18.061155913978496,20.95283057250799,18.930704898446834,19.93614011479392,0.49999999999999994,0.8660254037844387,45.299059139784944
Andaman And Nicobar,2024,1,,45.299059139784944,generation_proxy,True,24.841305683563746,45.299059139784944,33.7025,3.5858333333333334,10.705,89.29416666666667,629.2708333333334,41.24663978494624,14.657258064516132,22.876080694485545,26.65919952210275,20.97185772527786,0.49999999999999994,0.8660254037844387,45.065982404692086
Andhra Pradesh,2020,1,,7231.224238351254,generation_proxy,True,1752.2793583992025,7231.224238351254,5380.030833333333,1397.9216666666669,26.185833333333335,73.81416666666667,595.2658333333333,8571.645385304659,,2014.8413516657854,8571.645385304659,2014.8413516657854,0.49999999999999994,0.8660254037844387,8438.598790322581
Andhra Pradesh,2021,1,,8438.598790322581,generation_proxy,True,1959.4503822407216,8438.598790322581,6278.3175,1577.5541666666668,25.129166666666666,74.86916666666667,611.0283333333333,7231.224238351254,,1752.2793583992025,7901.434811827956,1883.560355032494,0.49999999999999994,0.8660254037844387,8995.760528673834
Andhra Pradesh,2022,1,,8995.760528673834,generation_proxy,True,2109.115816290674,8995.760528673834,6692.845833333333,1657.1791666666668,24.670833333333334,75.33083333333333,621.4841666666666,8438.598790322581,8571.645385304659,1959.4503822407216,8080.489471326165,1908.8570307685698,0.49999999999999994,0.8660254037844387,9874.065860215054
Andhra Pradesh,2023,1,,9874.065860215054,generation_proxy,True,2261.5201612903224,9874.065860215054,7346.305,1587.2475000000002,21.4025,78.59833333333334,650.9791666666666,8995.760528673834,7231.224238351254,2109.115816290674,8221.861185782558,1940.2818523101994,0.49999999999999994,0.8660254037844387,10152.246863799284
Andhra Pradesh,2024,1,,10152.246863799284,generation_proxy,True,2450.5445308800126,10152.246863799284,7553.2716666666665,1578.631666666667,20.861666666666668,79.13583333333334,655.1041666666666,9874.065860215054,8438.598790322581,2261.5201612903224,9102.80839307049,2110.0287866072395,0.49999999999999994,0.8660254037844387,10948.374877810362
Arunachal Pradesh,2020,1,,358.4901433691756,generation_proxy,True,232.7977790811339,358.4901433691756,266.71666666666664,266.71666666666664,100.0,0.0,24.040000000000003,184.7950268817204,,128.94120463709677,184.7950268817204,128.94120463709677,0.49999999999999994,0.8660254037844387,455.2318548387097
Arunachal Pradesh,2021,1,,455.2318548387097,generation_proxy,True,388.6668921262574,455.2318548387097,338.6925,338.6925,100.0,0.0,24.023333333333337,358.4901433691756,,232.7977790811339,271.642585125448,180.86949185911533,0.49999999999999994,0.8660254037844387,544.2652329749104
Arunachal Pradesh,2022,1,,544.2652329749104,generation_proxy,True,366.1402280311457,544.2652329749104,404.93333333333334,404.93333333333334,99.99916666666667,0.0,24.102500000000003,455.2318548387097,184.7950268817204,388.6668921262574,332.8390083632019,250.1352919481627,0.49999999999999994,0.8660254037844387,480.73700716845883
Arunachal Pradesh,2023,1,,480.73700716845883,generation_proxy,True,341.2679120234604,480.73700716845883,357.66833333333335,357.66833333333335,100.0,0.0,24.0175,544.2652329749104,358.4901433691756,366.1402280311457,452.66241039426524,329.2016330795123,0.49999999999999994,0.8660254037844387,481.3127240143369
Arunachal Pradesh,2024,1,,481.3127240143369,generation_proxy,True,386.8633166481275,481.3127240143369,358.09666666666664,358.09666666666664,100.0,0.0,24.010833333333334,480.73700716845883,455.2318548387097,341.2679120234604,493.41136499402637,365.35834406028783,0.49999999999999994,0.8660254037844387,500.1319648093841
Assam,2020,1,,675.969982078853,generation_proxy,True,215.34264272913467,675.969982078853,502.9216666666667,24.5575,4.9775,95.0225,636.8083333333333,890.9195788530466,,252.7159363540307,890.9195788530466,252.7159363540307,0.49999999999999994,0.8660254037844387,901.8929211469534
Assam,2021,1,,901.8929211469534,generation_proxy,True,242.18603502304148,901.8929211469534,671.0083333333333,67.11749999999999,9.81,90.18916666666667,606.3075,675.969982078853,,215.34264272913467,783.4447804659499,234.02928954158267,0.49999999999999994,0.8660254037844387,1017.9435483870968
Assam,2022,1,,1017.9435483870968,generation_proxy,True,277.1922766036337,1017.9435483870968,757.35,60.126666666666665,7.925,92.075,630.2683333333333,901.8929211469534,890.9195788530466,242.18603502304148,822.9274940262843,236.74820470206896,0.49999999999999994,0.8660254037844387,1059.842069892473
Assam,2023,1,,1059.842069892473,generation_proxy,True,257.4941274222299,1059.842069892473,788.5225,77.89666666666666,9.626666666666667,90.3725,625.2983333333333,1017.9435483870968,675.969982078853,277.1922766036337,865.2688172043012,244.90698478526997,0.49999999999999994,0.8660254037844387,1078.5035842293908
Assam,2024,1,,1078.5035842293908,generation_proxy,True,258.71441173400143,1078.5035842293908,802.4066666666668,119.01416666666667,14.443333333333335,85.55916666666667,588.1883333333334,1059.842069892473,901.8929211469534,257.4941274222299,993.2261798088412,258.95747968296837,0.49999999999999994,0.8660254037844387,1047.8103616813296
Bihar,2020,1,,3671.6711469534052,generation_proxy,True,794.0213109677419,3671.6711469534052,2731.7233333333334,26.705,0.9466666666666667,99.04916666666666,813.2049999999999,3970.8736559139784,,822.4593815242132,3970.8736559139784,822.4593815242132,0.49999999999999994,0.8660254037844387,4635.56899641577
Bihar,2021,1,,4635.56899641577,generation_proxy,True,1370.6235304659497,4635.56899641577,3448.8633333333332,15.750833333333333,0.4566666666666667,99.54166666666667,816.5933333333334,3671.6711469534052,,794.0213109677419,3821.272401433692,808.2403462459775,0.49999999999999994,0.8660254037844387,6084.732302867383
Bihar,2022,1,,6084.732302867383,generation_proxy,True,1446.2558505200072,6084.732302867383,4527.0408333333335,22.02916666666667,0.49333333333333335,99.5075,816.4708333333333,4635.56899641577,3970.8736559139784,1370.6235304659497,4092.704599761051,995.7014076526349,0.49999999999999994,0.8660254037844387,6462.743055555555
Bihar,2023,1,,6462.743055555555,generation_proxy,True,1350.7750871619419,6462.743055555555,4808.280833333333,27.938333333333333,0.5883333333333333,99.41000000000001,815.9108333333334,6084.732302867383,3671.6711469534052,1446.2558505200072,4797.32414874552,1203.6335639845663,0.49999999999999994,0.8660254037844387,6830.611559139784
Bihar,2024,1,,6830.611559139784,generation_proxy,True,1561.6404703132305,6830.611559139784,5081.974999999999,33.950833333333335,0.6741666666666667,99.32333333333334,815.09,6462.743055555555,4635.56899641577,1350.7750871619419,5727.6814516129025,1389.2181560492998,0.49999999999999994,0.8660254037844387,6605.895650048876
Chandigarh,2020,1,,1.1043906810035842,generation_proxy,True,25.92118912080961,1.1043906810035842,0.8216666666666667,0.8216666666666667,100.0,0.0,41.405833333333334,1.3429659498207884,,14.004778225806453,1.3429659498207884,14.004778225806453,0.49999999999999994,0.8660254037844387,1.6588261648745521
Chandigarh,2021,1,,1.6588261648745521,generation_proxy,True,25.694080047789726,1.6588261648745521,1.2341666666666666,1.2341666666666666,100.0,0.0,46.70666666666667,1.1043906810035842,,25.92118912080961,1.2236783154121862,19.96298367330803,0.49999999999999994,0.8660254037844387,1.3440860215053763
Chandigarh,2022,1,,1.3440860215053763,generation_proxy,True,29.815869702719798,1.3440860215053763,1.0,1.0,100.0,0.0,48.619166666666665,1.6588261648745521,1.3429659498207884,25.694080047789726,1.3687275985663083,21.873349131468597,0.49999999999999994,0.8660254037844387,1.519937275985663
Chandigarh,2023,1,,1.519937275985663,generation_proxy,True,22.80252688172043,1.519937275985663,1.1308333333333334,1.1308333333333334,100.0,,49.1325,1.3440860215053763,1.1043906810035842,29.815869702719798,1.3691009557945042,27.143712957106377,0.49999999999999994,0.8660254037844387,1.0416666666666667
Chandigarh,2024,1,,1.0416666666666667,generation_proxy,True,30.731161290322582,1.0416666666666667,0.775,0.775,100.0,,47.064166666666665,1.519937275985663,1.6588261648745521,22.80252688172043,1.5076164874551974,26.104158877409986,0.49999999999999994,0.8660254037844387,0.7893450635386119
Chhattisgarh,2020,1,,14841.424731182793,generation_proxy,True,2592.0149529152472,14841.424731182793,11042.019999999999,151.94666666666666,1.3775000000000002,98.61916666666667,810.5516666666667,12864.815188172042,,2343.6452548526745,12864.815188172042,2343.6452548526745,0.49999999999999994,0.8660254037844387,15846.916442652331
Chhattisgarh,2021,1,,15846.916442652331,generation_proxy,True,2455.8165078482266,15846.916442652331,11790.105833333333,194.36,1.6691666666666667,98.33416666666666,808.7325000000001,14841.424731182793,,2592.0149529152472,13853.119959677417,2467.830103883961,0.49999999999999994,0.8660254037844387,15838.457661290322
Chhattisgarh,2022,1,,15838.457661290322,generation_proxy,True,2544.8745026076876,15838.457661290322,11783.8125,179.23833333333334,1.5166666666666666,98.48333333333333,809.7199999999999,15846.916442652331,12864.815188172042,2455.8165078482266,14517.718787335723,2463.8255718720497,0.49999999999999994,0.8660254037844387,18285.259856630826
Chhattisgarh,2023,1,,18285.259856630826,generation_proxy,True,2861.4681795015226,18285.259856630826,13604.233333333335,228.16666666666666,1.6808333333333332,98.32083333333333,808.5724999999999,15838.457661290322,14841.424731182793,2544.8745026076876,15508.932945041815,2530.901987790387,0.49999999999999994,0.8660254037844387,18801.45497311828
Chhattisgarh,2024,1,,18801.45497311828,generation_proxy,True,2969.0572882093356,18801.45497311828,13988.282500000001,281.43083333333334,2.0316666666666667,97.96749999999999,805.8641666666666,18285.259856630826,15846.916442652331,2861.4681795015226,16656.877986857828,2620.719729985812,0.49999999999999994,0.8660254037844387,19003.802541544475
Dadra And Nagar Haveli And Daman And Diu,2020,1,,4.323476702508961,generation_proxy,True,22.780486021505375,4.323476702508961,3.216666666666667,3.216666666666667,100.0,0.0,78.61333333333333,3.1003584229390677,,13.588300051203278,3.1003584229390677,13.588300051203278,0.49999999999999994,0.8660254037844387,10.16353046594982
Dadra And Nagar Haveli And Daman And Diu,2021,1,,10.16353046594982,generation_proxy,True,27.65660450268817,10.16353046594982,7.5616666666666665,7.5616666666666665,100.0,0.0,72.4225,4.323476702508961,,22.780486021505375,3.711917562724014,18.184393036354326,0.49999999999999994,0.8660254037844387,6.04502688172043
Dadra And Nagar Haveli And Daman And Diu,2022,1,,6.04502688172043,generation_proxy,True,24.353480475382003,6.04502688172043,4.4975,4.4975,100.0,0.0,62.14166666666667,10.16353046594982,3.1003584229390677,27.65660450268817,5.862455197132616,21.34179685846561,0.49999999999999994,0.8660254037844387,2.805779569892473
Dadra And Nagar Haveli And Daman And Diu,2023,1,,2.805779569892473,generation_proxy,True,23.92629967274427,2.805779569892473,2.0875,2.0875,100.0,,112.24083333333333,6.04502688172043,4.323476702508961,24.353480475382003,6.844011350059738,24.93019033319185,0.49999999999999994,0.8660254037844387,3.2202060931899643
Dadra And Nagar Haveli And Daman And Diu,2024,1,,3.2202060931899643,generation_proxy,True,24.411793906810036,3.2202060931899643,2.3958333333333335,2.3958333333333335,100.0,,129.9425,2.805779569892473,10.16353046594982,23.92629967274427,6.338112305854241,25.31212821693815,0.49999999999999994,0.8660254037844387,3.63880742913001
Delhi,2020,1,,650.6608422939069,generation_proxy,True,187.20437868162693,650.6608422939069,484.0916666666667,34.80583333333333,7.255,92.745,457.51500000000004,681.288082437276,,200.96819458896982,681.288082437276,200.96819458896982,0.49999999999999994,0.8660254037844387,621.7271505376344
Delhi,2021,1,,621.7271505376344,generation_proxy,True,190.45060215053766,621.7271505376344,462.565,36.7075,8.07,91.93166666666667,453.90166666666664,650.6608422939069,,187.20437868162693,665.9744623655914,194.0862866352984,0.49999999999999994,0.8660254037844387,523.5170250896058
Delhi,2022,1,,523.5170250896058,generation_proxy,True,166.11674486803517,523.5170250896058,389.49666666666667,41.495,11.4775,88.52499999999999,438.68416666666667,621.7271505376344,681.288082437276,190.45060215053766,651.2253584229392,192.87439180704482,0.49999999999999994,0.8660254037844387,475.99910394265237
Delhi,2023,1,,475.99910394265237,generation_proxy,True,173.1507142857143,475.99910394265237,354.1433333333334,57.01916666666667,18.374166666666667,81.62416666666667,407.5108333333333,523.5170250896058,650.6608422939069,166.11674486803517,598.6350059737157,181.2572419000666,0.49999999999999994,0.8660254037844387,558.1787634408602
Delhi,2024,1,,558.1787634408602,generation_proxy,True,206.40538746755652,558.1787634408602,415.285,63.732499999999995,21.415833333333335,78.585,393.8025,475.99910394265237,621.7271505376344,173.1507142857143,540.4144265232975,176.572687101429,0.49999999999999994,0.8660254037844387,399.22043010752697
Goa,2020,1,,0.16577060931899643,generation_proxy,True,11.40794162826421,0.16577060931899643,0.12333333333333334,0.12333333333333334,100.0,0.0,48.27583333333334,0.04480286738351255,,13.942455197132617,0.04480286738351255,13.942455197132617,0.49999999999999994,0.8660254037844387,0.2900985663082437
Goa,2021,1,,0.2900985663082437,generation_proxy,True,14.198878648233487,0.2900985663082437,0.21583333333333332,0.21583333333333332,100.0,0.0,35.91916666666666,0.16577060931899643,,11.40794162826421,0.10528673835125449,12.675198412698414,0.49999999999999994,0.8660254037844387,2.2916666666666665
Goa,2022,1,,2.2916666666666665,generation_proxy,True,24.013189964157707,2.2916666666666665,1.705,1.705,100.0,0.0,46.97,0.2900985663082437,0.04480286738351255,14.198878648233487,0.16689068100358426,13.183091824543439,0.49999999999999994,0.8660254037844387,6.433691756272402
Goa,2023,1,,6.433691756272402,generation_proxy,True,26.046918586789555,6.433691756272402,4.786666666666667,4.786666666666667,100.0,0.0,47.21,2.2916666666666665,0.16577060931899643,24.013189964157707,0.9158452807646356,16.5400034135518,0.49999999999999994,0.8660254037844387,7.311827956989247
Goa,2024,1,,7.311827956989247,generation_proxy,True,37.640876144962164,7.311827956989247,5.44,5.44,100.0,0.0,47.79,6.433691756272402,0.2900985663082437,26.046918586789555,3.005152329749104,21.419662399726917,0.49999999999999994,0.8660254037844387,7.311827956989247
Gujarat,2020,1,,13720.567876344083,generation_proxy,True,3285.279513765804,13720.567876344083,10208.102499999999,2173.5125000000003,18.515833333333333,78.45,593.6575,13847.97827060932,,3021.4907554065485,13847.97827060932,3021.4907554065485,0.49999999999999994,0.8660254037844387,10927.91554659498
Gujarat,2021,1,,10927.91554659498,generation_proxy,True,3651.0921638274735,10927.91554659498,8130.369166666666,2504.06,28.024166666666662,68.215,534.7191666666666,13720.567876344083,,3285.279513765804,13784.273073476701,3153.3851345861763,0.49999999999999994,0.8660254037844387,10493.025313620072
Gujarat,2022,1,,10493.025313620072,generation_proxy,True,3888.1890262492097,10493.025313620072,7806.810833333333,3119.2708333333335,36.01083333333333,60.0025,493.7341666666667,10927.91554659498,13847.97827060932,3651.0921638274735,12832.15389784946,3319.2874776666085,0.49999999999999994,0.8660254037844387,13694.893593189965
Gujarat,2023,1,,13694.893593189965,generation_proxy,True,5099.379861245251,13694.893593189965,10189.000833333334,4009.8991666666666,34.29,60.45583333333334,487.3908333333334,10493.025313620072,13720.567876344083,3888.1890262492097,11713.836245519713,3608.1869012808293,0.49999999999999994,0.8660254037844387,17205.779569892475
Gujarat,2024,1,,17205.779569892475,generation_proxy,True,5977.94052682165,17205.779569892475,12801.1,4930.735,31.400833333333335,61.43416666666667,493.0325,13694.893593189965,10927.91554659498,5099.379861245251,11705.278151135006,4212.887017107311,0.49999999999999994,0.8660254037844387,16951.33064516129
Haryana,2020,1,,1495.007840501792,generation_proxy,True,398.3803648944643,1495.007840501792,1112.2858333333334,60.31333333333333,8.800833333333335,91.19916666666666,733.7775,2250.564516129032,,464.18816899979714,2250.564516129032,464.18816899979714,0.49999999999999994,0.8660254037844387,2609.595654121864
Haryana,2021,1,,2609.595654121864,generation_proxy,True,533.5347397421496,2609.595654121864,1941.5391666666667,83.20166666666667,4.3725,95.62916666666666,783.3708333333334,1495.007840501792,,398.3803648944643,1872.7861783154121,431.28426694713073,0.49999999999999994,0.8660254037844387,3691.91644265233
Haryana,2022,1,,3691.91644265233,generation_proxy,True,764.982588283683,3691.91644265233,2746.7858333333334,123.46083333333333,4.4991666666666665,95.49916666666667,787.9366666666666,2609.595654121864,2250.564516129032,533.5347397421496,2118.3893369175626,465.3677578788036,0.49999999999999994,0.8660254037844387,3420.472670250896
Haryana,2023,1,,3420.472670250896,generation_proxy,True,720.1290913446184,3420.472670250896,2544.8316666666665,125.665,5.036666666666666,94.96333333333332,782.0566666666667,3691.91644265233,1495.007840501792,764.982588283683,2598.8399790919952,565.6325643067656,0.49999999999999994,0.8660254037844387,3635.369623655914
Haryana,2024,1,,3635.369623655914,generation_proxy,True,826.8928868997353,3635.369623655914,2704.715,175.25750000000002,6.604166666666667,93.39583333333333,769.2191666666666,3420.472670250896,2609.595654121864,720.1290913446184,3240.661589008363,672.8821397901503,0.49999999999999994,0.8660254037844387,3181.16935483871
Himachal Pradesh,2020,1,,4562.408154121864,generation_proxy,True,3267.64927688172,4562.408154121864,3394.431666666667,3394.431666666667,100.0,0.0,24.028333333333336,4807.084453405018,,5322.3349358974365,4807.084453405018,5322.3349358974365,0.49999999999999994,0.8660254037844387,4224.879032258064
Himachal Pradesh,2021,1,,4224.879032258064,generation_proxy,True,3776.616799359414,4224.879032258064,3143.31,3143.31,100.0,0.0,24.040833333333335,4562.408154121864,,3267.64927688172,4684.746303763441,4294.992106389578,0.49999999999999994,0.8660254037844387,4668.07123655914
Himachal Pradesh,2022,1,,4668.07123655914,generation_proxy,True,3670.8676110895194,4668.07123655914,3473.045,3473.045,100.0,0.0,24.040000000000003,4224.879032258064,4807.084453405018,3776.616799359414,4531.457213261649,4122.200337379523,0.49999999999999994,0.8660254037844387,4381.172715053764
Himachal Pradesh,2023,1,,4381.172715053764,generation_proxy,True,2821.9475733798313,4381.172715053764,3259.5925,3259.5925,100.0,0.0,24.0475,4668.07123655914,4562.408154121864,3670.8676110895194,4485.119474313023,3571.711229110218,0.49999999999999994,0.8660254037844387,4798.585349462365
Himachal Pradesh,2024,1,,4798.585349462365,generation_proxy,True,3571.617682610308,4798.585349462365,3570.1474999999996,3570.1474999999996,100.0,0.0,24.065833333333334,4381.172715053764,4224.879032258064,2821.9475733798313,4424.707661290322,3423.1439946095884,0.49999999999999994,0.8660254037844387,5301.424731182796
India Total,2020,1,,150384.08154121865,generation_proxy,True,37104.25918078104,150384.08154121865,111885.75666666667,28566.3125,22.145,74.51,606.5283333333333,154402.9816308244,,33924.28302955784,154402.9816308244,33924.28302955784,0.49999999999999994,0.8660254037844387,164664.15210573477
India Total,2021,1,,164664.15210573477,generation_proxy,True,38177.57463578476,164664.15210573477,122510.12916666667,29816.334166666667,21.223333333333333,75.77,620.6608333333334,150384.08154121865,,37104.25918078104,152393.53158602153,35514.271105169435,0.49999999999999994,0.8660254037844387,178632.86066308242
India Total,2022,1,,178632.86066308242,generation_proxy,True,38914.18330312113,178632.86066308242,132902.84833333333,33729.965000000004,22.351666666666663,74.73083333333334,616.34,164664.15210573477,154402.9816308244,38177.57463578476,156483.73842592593,36402.03894870788,0.49999999999999994,0.8660254037844387,190969.9171146953
India Total,2023,1,,190969.9171146953,generation_proxy,True,42932.99542316652,190969.9171146953,142081.61833333332,34172.596666666665,21.006666666666668,76.1525,627.0758333333333,178632.86066308242,150384.08154121865,38914.18330312113,164560.36477001195,38065.33903989565,0.49999999999999994,0.8660254037844387,202108.40389784946
India Total,2024,1,,202108.40389784946,generation_proxy,True,43546.34032613329,202108.40389784946,150368.6525,36848.041666666664,21.344166666666666,75.6075,622.1766666666666,190969.9171146953,164664.15210573477,42932.99542316652,178088.9766278375,40008.2511206908,0.49999999999999994,0.8660254037844387,204972.75048875852
Jammu And Kashmir,2020,1,,2073.393817204301,generation_proxy,True,1522.0242585646413,2073.393817204301,1542.6049999999998,1542.6049999999998,100.0,0.0,24.01,2073.094758064516,,2028.2390322580643,2073.094758064516,2028.2390322580643,0.49999999999999994,0.8660254037844387,1955.6933243727597
Jammu And Kashmir,2021,1,,1955.6933243727597,generation_proxy,True,1543.1098627316403,1955.6933243727597,1455.0358333333334,1455.0358333333334,100.0,0.0,24.013333333333335,2073.393817204301,,1522.0242585646413,2073.2442876344085,1775.1316454113528,0.49999999999999994,0.8660254037844387,1948.2594086021506
Jammu And Kashmir,2022,1,,1948.2594086021506,generation_proxy,True,1745.4010967741935,1948.2594086021506,1449.505,1449.505,100.0,0.0,24.0,1955.6933243727597,2073.094758064516,1543.1098627316403,2034.0606332138589,1697.791051184782,0.49999999999999994,0.8660254037844387,1868.7701612903227
Jammu And Kashmir,2023,1,,1868.7701612903227,generation_proxy,True,1779.3237695852533,1868.7701612903227,1390.365,1390.365,100.0,0.0,23.999166666666667,1948.2594086021506,2073.393817204301,1745.4010967741935,1992.448850059737,1603.5117393568253,0.49999999999999994,0.8660254037844387,1785.467069892473
Jammu And Kashmir,2024,1,,1785.467069892473,generation_proxy,True,1816.487495256167,1785.467069892473,1328.3875,1328.3875,100.0,0.0,23.999166666666667,1868.7701612903227,1955.6933243727597,1779.3237695852533,1924.2409647550776,1689.2782430303623,0.49999999999999994,0.8660254037844387,1898.3162267839687
Jharkhand,2020,1,,3015.086245519713,generation_proxy,True,715.7340968645523,3015.086245519713,2243.2241666666664,20.9875,0.9041666666666667,99.09499999999998,812.82,2951.564740143369,,832.6713000000001,2951.564740143369,832.6713000000001,0.49999999999999994,0.8660254037844387,3197.2603046594986
Jharkhand,2021,1,,3197.2603046594986,generation_proxy,True,759.3854829749104,3197.2603046594986,2378.7616666666668,45.512499999999996,1.945,98.05416666666667,804.5225,3015.086245519713,,715.7340968645523,2983.325492831541,774.2026984322762,0.49999999999999994,0.8660254037844387,3446.2455197132613
Jharkhand,2022,1,,3446.2455197132613,generation_proxy,True,837.4792108118772,3446.2455197132613,2564.0066666666667,29.280833333333334,1.1641666666666666,98.83416666666666,810.7425,3197.2603046594986,2951.564740143369,759.3854829749104,3054.637096774193,769.2636266131543,0.49999999999999994,0.8660254037844387,3808.8407258064517
Jharkhand,2023,1,,3808.8407258064517,generation_proxy,True,944.1229868578256,3808.8407258064517,2833.7775,18.4375,0.6316666666666667,99.36916666666667,814.9808333333334,3446.2455197132613,3015.086245519713,837.4792108118772,3219.530689964158,770.8662635504467,0.49999999999999994,0.8660254037844387,4396.519937275986
Jharkhand,2024,1,,4396.519937275986,generation_proxy,True,1085.1485292192613,4396.519937275986,3271.0108333333333,22.316666666666666,0.6958333333333333,99.30416666666667,814.4708333333333,3808.8407258064517,3197.2603046594986,944.1229868578256,3484.115516726404,846.9958935482044,0.49999999999999994,0.8660254037844387,4269.001710654937
Karnataka,2020,1,,7517.745295698924,generation_proxy,True,2990.2789678834183,7517.745295698924,5593.202499999999,4068.400833333333,63.415,25.684166666666666,238.48333333333335,7742.741935483869,,3228.167895833333,7742.741935483869,3228.167895833333,0.49999999999999994,0.8660254037844387,8831.550179211468
Karnataka,2021,1,,8831.550179211468,generation_proxy,True,3715.7094968679867,8831.550179211468,6570.673333333333,4037.2625000000003,52.7125,37.839999999999996,334.84083333333336,7517.745295698924,,2990.2789678834183,7630.2436155913965,3109.223431858376,0.49999999999999994,0.8660254037844387,9409.156586021503
Karnataka,2022,1,,9409.156586021503,generation_proxy,True,3702.797533818939,9409.156586021503,7000.412499999999,4181.824166666666,51.425000000000004,39.595,348.47,8831.550179211468,7742.741935483869,3715.7094968679867,8030.679136798087,3311.385453528246,0.49999999999999994,0.8660254037844387,10311.909722222223
Karnataka,2023,1,,10311.909722222223,generation_proxy,True,3769.8467662413996,10311.909722222223,7672.060833333333,4072.875,44.869166666666665,46.965833333333336,406.16083333333336,9409.156586021503,7517.745295698924,3702.797533818939,8586.150686977298,3469.595332856781,0.49999999999999994,0.8660254037844387,10727.501120071685
Karnataka,2024,1,,10727.501120071685,generation_proxy,True,4350.090570591565,10727.501120071685,7981.260833333334,4332.533333333334,46.04416666666666,45.94833333333333,396.4358333333333,10311.909722222223,8831.550179211468,3769.8467662413996,9517.538829151732,3729.4512656427755,0.49999999999999994,0.8660254037844387,11778.740224828933
Kerala,2020,1,,796.0943100358422,generation_proxy,True,340.0073879686138,796.0943100358422,592.2941666666667,592.045,99.95416666666667,0.04583333333333334,25.816666666666666,711.282482078853,,305.8504610799439,711.282482078853,305.8504610799439,0.49999999999999994,0.8660254037844387,1199.706541218638
Kerala,2021,1,,1199.706541218638,generation_proxy,True,488.9266340984285,1199.706541218638,892.5816666666666,883.7275,98.91666666666667,1.0816666666666668,30.949166666666667,796.0943100358422,,340.0073879686138,753.6883960573476,322.92892452427884,0.49999999999999994,0.8660254037844387,1168.736559139785
Kerala,2022,1,,1168.736559139785,generation_proxy,True,472.2543752688172,1168.736559139785,869.54,869.5300000000001,99.99666666666667,0.0008333333333333334,26.679166666666664,1199.706541218638,711.282482078853,488.9266340984285,902.361111111111,378.2614943823287,0.49999999999999994,0.8660254037844387,835.880376344086
Kerala,2023,1,,835.880376344086,generation_proxy,True,487.91970867101014,835.880376344086,621.895,621.895,99.99916666666667,0.0,29.6725,1168.736559139785,796.0943100358422,472.2543752688172,1054.845803464755,433.72946577861984,0.49999999999999994,0.8660254037844387,1036.4493727598567
Kerala,2024,1,,1036.4493727598567,generation_proxy,True,512.0000060346719,1036.4493727598567,771.1183333333333,770.9908333333333,99.98083333333334,0.016666666666666666,29.290000000000003,835.880376344086,1199.706541218638,487.91970867101014,1068.107825567503,483.03357267941857,0.49999999999999994,0.8660254037844387,1388.5569403714567
Ladakh,2022,1,,45.290098566308245,generation_proxy,True,62.3021675155631,45.290098566308245,33.69583333333333,33.69583333333333,100.0,0.0,24.088333333333335,57.88306451612903,,65.4707624633431,57.88306451612903,65.4707624633431,0.49999999999999994,0.8660254037844387,43.71975806451612
Ladakh,2023,1,,43.71975806451612,generation_proxy,True,61.45247877758913,43.71975806451612,32.527499999999996,32.527499999999996,100.0,0.0,23.9525,45.290098566308245,,62.3021675155631,51.586581541218635,63.8864649894531,0.49999999999999994,0.8660254037844387,46.43929211469534
Ladakh,2024,1,,46.43929211469534,generation_proxy,True,70.90530977982591,46.43929211469534,34.55083333333334,34.55083333333334,100.0,0.0,24.015,43.71975806451612,57.88306451612903,61.45247877758913,48.964307048984466,63.075136252165116,0.49999999999999994,0.8660254037844387,52.526881720430104
Lakshadweep,2020,1,,0.061603942652329755,generation_proxy,True,12.635752688172044,0.061603942652329755,0.04583333333333334,0.04583333333333334,100.0,0.0,0.0,0.07280465949820789,,11.254181600955794,0.07280465949820789,11.254181600955794,0.49999999999999994,0.8660254037844387,0.03920250896057347
Lakshadweep,2021,1,,0.03920250896057347,generation_proxy,True,10.629881720430108,0.03920250896057347,0.029166666666666664,0.029166666666666664,100.0,0.0,0.0,0.061603942652329755,,12.635752688172044,0.06720430107526881,11.944967144563918,0.49999999999999994,0.8660254037844387,0.013440860215053764
Lakshadweep,2022,1,,0.013440860215053764,generation_proxy,True,26.022688172043008,0.013440860215053764,0.01,0.01,100.0,0.0,0.0,0.03920250896057347,0.07280465949820789,10.629881720430108,0.05787037037037037,11.506605336519314,0.49999999999999994,0.8660254037844387,7.049731182795699
Lakshadweep,2023,1,,7.049731182795699,generation_proxy,True,17.72214247311828,7.049731182795699,5.245,0.01,0.15083333333333335,99.84916666666668,818.555,0.013440860215053764,0.061603942652329755,26.022688172043008,0.03808243727598566,16.429440860215053,0.49999999999999994,0.8660254037844387,7.484318996415769
Lakshadweep,2024,1,,7.484318996415769,generation_proxy,True,19.03113920371985,7.484318996415769,5.5683333333333325,0.01,0.1375,99.8625,818.4675000000001,7.049731182795699,0.03920250896057347,17.72214247311828,2.367458183990442,18.124904121863796,0.49999999999999994,0.8660254037844387,7.484115347018572
Madhya Pradesh,2020,1,,15114.66061827957,generation_proxy,True,2452.2387371941413,15114.66061827957,11245.3075,1247.8108333333332,11.196666666666667,88.8025,731.3666666666667,14406.387768817202,,2415.5438504239883,14406.387768817202,2415.5438504239883,0.49999999999999994,0.8660254037844387,15857.185259856631
Madhya Pradesh,2021,1,,15857.185259856631,generation_proxy,True,2578.563419266702,15857.185259856631,11797.745833333334,1138.4675,9.6875,90.31083333333333,743.27,15114.66061827957,,2452.2387371941413,14760.524193548386,2433.891293809065,0.49999999999999994,0.8660254037844387,17143.589829749104
Madhya Pradesh,2022,1,,17143.589829749104,generation_proxy,True,2628.5666523857526,17143.589829749104,12754.830833333333,1327.3700000000001,10.513333333333334,89.48416666666667,736.7441666666667,15857.185259856631,14406.387768817202,2578.563419266702,15126.077882317803,2482.115335628277,0.49999999999999994,0.8660254037844387,17922.60528673835
Madhya Pradesh,2023,1,,17922.60528673835,generation_proxy,True,2788.7723086150027,17922.60528673835,13334.418333333333,1322.2375,9.894166666666667,90.105,741.6525,17143.589829749104,15114.66061827957,2628.5666523857526,16038.478569295103,2553.1229362821987,0.49999999999999994,0.8660254037844387,18498.636872759856
Madhya Pradesh,2024,1,,18498.636872759856,generation_proxy,True,3025.0924676579302,18498.636872759856,13762.985833333334,1570.68,11.530000000000001,88.46833333333335,728.9525,17922.60528673835,15857.185259856631,2788.7723086150027,16974.460125448026,2665.3007934224856,0.49999999999999994,0.8660254037844387,18288.037634408603
Maharashtra,2020,1,,14289.392921146951,generation_proxy,True,2992.1923981845316,14289.392921146951,10631.308333333332,2294.0716666666667,14.913333333333334,77.83333333333333,631.7166666666667,16332.852822580646,,3145.998299174241,16332.852822580646,3145.998299174241,0.49999999999999994,0.8660254037844387,17207.52128136201
Maharashtra,2021,1,,17207.52128136201,generation_proxy,True,3420.0960671136886,17207.52128136201,12802.395833333334,2487.5816666666665,14.12,80.46416666666667,655.5783333333333,14289.392921146951,,2992.1923981845316,15311.122871863798,3069.095348679386,0.49999999999999994,0.8660254037844387,17532.149417562723
Maharashtra,2022,1,,17532.149417562723,generation_proxy,True,3399.2653272231705,17532.149417562723,13043.919166666667,2641.8108333333334,14.768333333333333,79.71166666666666,657.9050000000001,17207.52128136201,16332.852822580646,3420.0960671136886,15943.255675029868,3186.095588157487,0.49999999999999994,0.8660254037844387,18740.414426523297
Maharashtra,2023,1,,18740.414426523297,generation_proxy,True,3984.286252246085,18740.414426523297,13942.868333333334,2708.659166666667,14.346666666666666,80.56,663.1841666666667,17532.149417562723,14289.392921146951,3399.2653272231705,16343.02120669056,3270.5179308404636,0.49999999999999994,0.8660254037844387,19152.886424731183
Maharashtra,2024,1,,19152.886424731183,generation_proxy,True,4302.542221653297,19152.886424731183,14249.7475,2757.28,14.299999999999999,80.58666666666666,658.4083333333333,18740.414426523297,17207.52128136201,3984.286252246085,17826.69504181601,3601.2158821943144,0.49999999999999994,0.8660254037844387,19037.63440860215
Manipur,2020,1,,64.77486559139786,generation_proxy,True,53.82566201251806,64.77486559139786,48.1925,48.1925,100.0,0.0,24.458333333333332,41.4706541218638,,45.171715949820786,41.4706541218638,45.171715949820786,0.49999999999999994,0.8660254037844387,55.731406810035836
Manipur,2021,1,,55.731406810035836,generation_proxy,True,50.49584568439407,55.731406810035836,41.464166666666664,41.464166666666664,100.0,0.0,24.30333333333333,64.77486559139786,,53.82566201251806,53.12275985663083,49.49868898116942,0.49999999999999994,0.8660254037844387,59.18570788530466
Manipur,2022,1,,59.18570788530466,generation_proxy,True,49.33233286582515,59.18570788530466,44.034166666666664,44.034166666666664,100.0,0.0,24.455833333333334,55.731406810035836,41.4706541218638,50.49584568439407,53.99230884109917,49.831074548910976,0.49999999999999994,0.8660254037844387,32.457437275985654
Manipur,2023,1,,32.457437275985654,generation_proxy,True,41.970071684587815,32.457437275985654,24.14833333333333,24.14833333333333,99.99916666666667,0.0,25.4875,59.18570788530466,64.77486559139786,49.33233286582515,59.89732676224612,51.21794685424576,0.49999999999999994,0.8660254037844387,71.53337813620071
Manipur,2024,1,,71.53337813620071,generation_proxy,True,57.683886328725045,71.53337813620071,53.22083333333333,53.22083333333333,100.0,0.0,24.423333333333332,32.457437275985654,55.731406810035836,41.970071684587815,49.124850657108716,47.266083411602345,0.49999999999999994,0.8660254037844387,74.58455522971653
Meghalaya,2020,1,,132.6108870967742,generation_proxy,True,147.18740237691,132.6108870967742,98.66250000000001,98.66250000000001,100.0,0.0,23.998333333333335,120.69220430107526,,177.03847507331378,120.69220430107526,177.03847507331378,0.49999999999999994,0.8660254037844387,103.74327956989248
Meghalaya,2021,1,,103.74327956989248,generation_proxy,True,136.22853698273053,103.74327956989248,77.185,77.185,100.0,0.0,24.01,132.6108870967742,,147.18740237691,126.65154569892474,162.1129387251119,0.49999999999999994,0.8660254037844387,118.3725358422939
Meghalaya,2022,1,,118.3725358422939,generation_proxy,True,143.35287762416795,118.3725358422939,88.06916666666666,88.06916666666666,100.0,0.0,24.006666666666664,103.74327956989248,120.69220430107526,136.22853698273053,119.01545698924731,153.48480481098477,0.49999999999999994,0.8660254037844387,97.60864695340503
Meghalaya,2023,1,,97.60864695340503,generation_proxy,True,167.14745244003308,97.60864695340503,72.62083333333334,72.62083333333334,100.0,0.0,24.025833333333335,118.3725358422939,132.6108870967742,143.35287762416795,118.24223416965351,142.25627232793616,0.49999999999999994,0.8660254037844387,114.27755376344086
Meghalaya,2024,1,,114.27755376344086,generation_proxy,True,154.0100258064516,114.27755376344086,85.0225,85.0225,100.0,0.0,24.005,97.60864695340503,103.74327956989248,167.14745244003308,106.57482078853047,148.9096223489772,0.49999999999999994,0.8660254037844387,123.15004887585533
Mizoram,2020,1,,21.32504480286738,generation_proxy,True,35.83956029185868,21.32504480286738,15.865833333333333,15.865833333333333,100.0,0.0,23.951666666666668,24.28091397849462,,39.086290322580645,24.28091397849462,39.086290322580645,0.49999999999999994,0.8660254037844387,17.004928315412187
Mizoram,2021,1,,17.004928315412187,generation_proxy,True,34.539511993382966,17.004928315412187,12.651666666666666,12.651666666666666,100.0,0.0,24.620833333333334,21.32504480286738,,35.83956029185868,22.802979390681003,37.46292530721966,0.49999999999999994,0.8660254037844387,28.58982974910394
Mizoram,2022,1,,28.58982974910394,generation_proxy,True,42.58437971433157,28.58982974910394,21.270833333333332,21.270833333333332,100.0,0.0,24.680833333333336,17.004928315412187,24.28091397849462,34.539511993382966,20.870295698924732,36.488454202607436,0.49999999999999994,0.8660254037844387,24.47020609318997
Mizoram,2023,1,,24.47020609318997,generation_proxy,True,45.80692204301075,24.47020609318997,18.205833333333334,18.205833333333334,100.0,0.0,24.227500000000003,28.58982974910394,21.32504480286738,42.58437971433157,22.306600955794504,37.65448399985774,0.49999999999999994,0.8660254037844387,38.184363799283155
Mizoram,2024,1,,38.184363799283155,generation_proxy,True,47.18031575354156,38.184363799283155,28.409166666666668,28.409166666666668,100.0,0.0,25.21166666666667,24.47020609318997,17.004928315412187,45.80692204301075,23.3549880525687,40.97693791690843,0.49999999999999994,0.8660254037844387,38.321114369501466
Nagaland,2020,1,,29.910394265232974,generation_proxy,True,41.004422043010756,29.910394265232974,22.253333333333334,22.253333333333334,100.0,0.0,24.025833333333335,27.412634408602152,,37.781859582542694,27.412634408602152,37.781859582542694,0.49999999999999994,0.8660254037844387,20.402105734767026
Nagaland,2021,1,,20.402105734767026,generation_proxy,True,40.12101075268817,20.402105734767026,15.179166666666667,15.179166666666667,100.0,0.0,23.936666666666667,29.910394265232974,,41.004422043010756,28.661514336917563,39.39314081277672,0.49999999999999994,0.8660254037844387,32.21998207885305
Nagaland,2022,1,,32.21998207885305,generation_proxy,True,48.444199207696656,32.21998207885305,23.971666666666668,23.971666666666668,100.0,0.0,23.85166666666667,20.402105734767026,27.412634408602152,40.12101075268817,25.908378136200714,39.63576412608054,0.49999999999999994,0.8660254037844387,28.141801075268816
Nagaland,2023,1,,28.141801075268816,generation_proxy,True,47.11960061443932,28.141801075268816,20.9375,20.9375,100.0,0.0,23.864166666666666,32.21998207885305,29.910394265232974,48.444199207696656,27.510827359617682,43.189877334465194,0.49999999999999994,0.8660254037844387,35.2016129032258
Nagaland,2024,1,,35.2016129032258,generation_proxy,True,43.770550284629984,35.2016129032258,26.189999999999998,26.189999999999998,100.0,0.0,23.8575,28.141801075268816,20.402105734767026,47.11960061443932,26.921296296296294,45.228270191608054,0.49999999999999994,0.8660254037844387,36.64345063538612
Odisha,2020,1,,6887.56832437276,generation_proxy,True,1425.436679700228,6887.56832437276,5124.350833333333,652.945,12.68,87.32,719.3983333333334,5252.634408602151,,1075.3087051499717,5252.634408602151,1075.3087051499717,0.49999999999999994,0.8660254037844387,7271.764112903225
Odisha,2021,1,,7271.764112903225,generation_proxy,True,1542.7231428571429,7271.764112903225,5410.1925,545.6316666666667,10.006666666666666,89.9925,740.8591666666666,6887.56832437276,,1425.436679700228,6070.101366487455,1250.3726924251,0.49999999999999994,0.8660254037844387,7835.493951612902
Odisha,2022,1,,7835.493951612902,generation_proxy,True,1499.4062711654926,7835.493951612902,5829.607499999999,549.3883333333333,9.323333333333332,90.67833333333333,746.225,7271.764112903225,5252.634408602151,1542.7231428571429,6470.655615292712,1347.8228425691143,0.49999999999999994,0.8660254037844387,8183.131720430108
Odisha,2023,1,,8183.131720430108,generation_proxy,True,1535.095264363428,8183.131720430108,6088.25,595.5791666666667,9.9275,90.075,741.4966666666666,7835.493951612902,6887.56832437276,1499.4062711654926,7331.608796296296,1489.188697907621,0.49999999999999994,0.8660254037844387,8492.55152329749
Odisha,2024,1,,8492.55152329749,generation_proxy,True,1635.0112952380953,8492.55152329749,6318.458333333333,640.8441666666666,10.069166666666666,89.93166666666667,740.2983333333333,8183.131720430108,7271.764112903225,1535.095264363428,7763.463261648744,1525.7415594620213,0.49999999999999994,0.8660254037844387,8563.633919843598
Puducherry,2020,1,,28.241487455197134,generation_proxy,True,32.94877865692838,28.241487455197134,21.011666666666667,0.36999999999999994,1.7683333333333333,98.23166666666667,482.28,27.08781362007168,,29.558448825169258,27.08781362007168,29.558448825169258,0.49999999999999994,0.8660254037844387,28.424059139784948
Puducherry,2021,1,,28.424059139784948,generation_proxy,True,34.497557899090154,28.424059139784948,21.1475,1.02,4.956666666666666,95.04333333333334,468.1891666666667,28.241487455197134,,32.94877865692838,27.664650537634408,31.25361374104882,0.49999999999999994,0.8660254037844387,27.914426523297493
Puducherry,2022,1,,27.914426523297493,generation_proxy,True,36.07537438905181,27.914426523297493,20.768333333333334,1.02,4.941666666666666,95.05833333333334,468.2133333333333,28.424059139784948,27.08781362007168,34.497557899090154,27.917786738351253,32.33492846039593,0.49999999999999994,0.8660254037844387,27.563844086021504
Puducherry,2023,1,,27.563844086021504,generation_proxy,True,36.03571790006325,27.563844086021504,20.5075,1.02,5.096666666666667,94.90333333333332,467.53583333333336,27.914426523297493,28.241487455197134,36.07537438905181,28.193324372759857,34.50723698169012,0.49999999999999994,0.8660254037844387,24.276433691756274
Puducherry,2024,1,,24.276433691756274,generation_proxy,True,37.81743874493213,24.276433691756274,18.061666666666667,1.02,5.6691666666666665,94.33083333333333,465.0308333333333,27.563844086021504,28.424059139784948,36.03571790006325,27.967443249701315,35.53621672940174,0.49999999999999994,0.8660254037844387,20.967741935483872
Punjab,2020,1,,2584.775985663083,generation_proxy,True,617.5127988614801,2584.775985663083,1923.0733333333335,663.7333333333333,45.47833333333333,54.51916666666667,469.3441666666667,3530.4704301075267,,733.6814127837515,3530.4704301075267,733.6814127837515,0.49999999999999994,0.8660254037844387,3362.8774641577065
Punjab,2021,1,,3362.8774641577065,generation_proxy,True,803.1218517260894,3362.8774641577065,2501.9808333333335,583.1366666666667,23.21666666666667,76.7825,642.1916666666667,2584.775985663083,,617.5127988614801,3057.6232078853045,675.5971058226157,0.49999999999999994,0.8660254037844387,4243.316532258064
Punjab,2022,1,,4243.316532258064,generation_proxy,True,944.2058058475294,4243.316532258064,3157.0275,644.2691666666667,20.32,79.68166666666666,663.7233333333334,3362.8774641577065,3530.4704301075267,803.1218517260894,3159.374626642772,718.105354457107,0.49999999999999994,0.8660254037844387,4726.972446236559
Punjab,2023,1,,4726.972446236559,generation_proxy,True,1064.8108811544992,4726.972446236559,3516.8675,798.1208333333334,22.501666666666665,77.49916666666667,646.7675,4243.316532258064,2584.775985663083,944.2058058475294,3396.9899940262844,788.280152145033,0.49999999999999994,0.8660254037844387,4605.087365591397
Punjab,2024,1,,4605.087365591397,generation_proxy,True,992.5050189223283,4605.087365591397,3426.185,605.0316666666666,17.565,82.4375,686.0758333333333,4726.972446236559,3362.8774641577065,1064.8108811544992,4111.055480884111,937.3795129093727,0.49999999999999994,0.8660254037844387,4448.22825024438
Rajasthan,2020,1,,7742.680331541218,generation_proxy,True,2219.999161535398,7742.680331541218,5760.554166666666,2053.2400000000002,24.80666666666667,63.9075,530.0008333333334,7887.737455197132,,1946.2753561630877,7887.737455197132,1946.2753561630877,0.49999999999999994,0.8660254037844387,8701.563620071684
Rajasthan,2021,1,,8701.563620071684,generation_proxy,True,2713.8753110927305,8701.563620071684,6473.963333333333,2385.3158333333336,26.995,63.095,523.2091666666666,7742.680331541218,,2219.999161535398,7815.208893369175,2083.1372588492427,0.49999999999999994,0.8660254037844387,11661.934363799282
Rajasthan,2022,1,,11661.934363799282,generation_proxy,True,3925.1834734912054,11661.934363799282,8676.479166666666,3850.0783333333334,37.0225,55.754999999999995,469.83750000000003,8701.563620071684,7887.737455197132,2713.8753110927305,8110.660468936677,2293.383276263739,0.49999999999999994,0.8660254037844387,12692.749775985661
Rajasthan,2023,1,,12692.749775985661,generation_proxy,True,4433.079125050942,12692.749775985661,9443.405833333332,4457.4608333333335,41.295,52.905,448.29833333333335,11661.934363799282,7742.680331541218,3925.1834734912054,9368.726105137395,2953.019315373111,0.49999999999999994,0.8660254037844387,14266.513216845879
Rajasthan,2024,1,,14266.513216845879,generation_proxy,True,5713.772082835523,14266.513216845879,10614.285833333333,5168.406666666667,42.58416666666667,51.401666666666664,438.7583333333334,12692.749775985661,8701.563620071684,4433.079125050942,11018.749253285545,3690.71263654496,0.49999999999999994,0.8660254037844387,15118.713343108504
Sikkim,2020,1,,1228.1014784946237,generation_proxy,True,1134.0928083491463,1228.1014784946237,913.7075,913.7075,100.0,0.0,24.000833333333333,1243.2112455197132,,1141.159207696661,1243.2112455197132,1141.159207696661,0.49999999999999994,0.8660254037844387,1272.6164874551973
Sikkim,2021,1,,1272.6164874551973,generation_proxy,True,1211.8741480562448,1272.6164874551973,946.8266666666667,946.8266666666667,100.0,0.0,24.003333333333334,1228.1014784946237,,1134.0928083491463,1235.6563620071684,1137.6260080229035,0.49999999999999994,0.8660254037844387,1333.0667562724013
Sikkim,2022,1,,1333.0667562724013,generation_proxy,True,1281.5475340501794,1333.0667562724013,991.8016666666666,991.8016666666666,100.0,0.0,24.025000000000002,1272.6164874551973,1243.2112455197132,1211.8741480562448,1247.976403823178,1162.3753880340173,0.49999999999999994,0.8660254037844387,1046.4437724014335
Sikkim,2023,1,,1046.4437724014335,generation_proxy,True,1036.1786983588001,1046.4437724014335,778.5541666666667,778.5541666666667,100.0,0.0,23.997500000000002,1333.0667562724013,1228.1014784946237,1281.5475340501794,1277.9282407407409,1209.1714968185236,0.49999999999999994,0.8660254037844387,222.70609318996412
Sikkim,2024,1,,222.70609318996412,generation_proxy,True,579.0225294418842,222.70609318996412,165.69333333333333,165.69333333333333,100.0,0.0,24.015,1046.4437724014335,1272.6164874551973,1036.1786983588001,1217.3756720430108,1176.5334601550749,0.49999999999999994,0.8660254037844387,301.8438416422287
Tamil Nadu,2020,1,,10596.57258064516,generation_proxy,True,3372.3249264748624,10596.57258064516,7883.849999999999,3361.5641666666666,27.954166666666666,57.4175,470.4941666666667,11359.323476702508,,3153.2681021809126,11359.323476702508,3153.2681021809126,0.49999999999999994,0.8660254037844387,11550.866935483871
Tamil Nadu,2021,1,,11550.866935483871,generation_proxy,True,3710.448101232625,11550.866935483871,8593.845,3542.73,26.706666666666667,59.365,490.9291666666666,10596.57258064516,,3372.3249264748624,10977.948028673833,3262.7965143278875,0.49999999999999994,0.8660254037844387,12713.121639784946
Tamil Nadu,2022,1,,12713.121639784946,generation_proxy,True,3686.3833315312067,12713.121639784946,9458.5625,4016.5241666666666,27.5925,58.12083333333334,481.4158333333333,11550.866935483871,11359.323476702508,3710.448101232625,11168.920997610512,3412.0137099627996,0.49999999999999994,0.8660254037844387,13607.736335125446
Tamil Nadu,2023,1,,13607.736335125446,generation_proxy,True,4183.294457162678,13607.736335125446,10124.155833333332,4139.543333333333,26.905833333333334,59.53666666666667,493.1425,12713.121639784946,10596.57258064516,3686.3833315312067,11620.187051971327,3589.7187864128978,0.49999999999999994,0.8660254037844387,14525.331541218637
Tamil Nadu,2024,1,,14525.331541218637,generation_proxy,True,4729.136928344552,14525.331541218637,10806.846666666666,4380.325833333333,27.252499999999998,60.10666666666666,498.325,13607.736335125446,11550.866935483871,4183.294457162678,12623.908303464756,3860.0419633088363,0.49999999999999994,0.8660254037844387,14899.425708699904
Telangana,2020,1,,6018.6088709677415,generation_proxy,True,1376.0975662517992,6018.6088709677415,4477.845,868.1341666666667,19.29,80.70833333333333,670.21,6686.907482078854,,1156.2088211322236,6686.907482078854,1156.2088211322236,0.49999999999999994,0.8660254037844387,7154.833109318996
Telangana,2021,1,,7154.833109318996,generation_proxy,True,1494.904423904053,7154.833109318996,5323.195833333333,1083.7325,19.816666666666666,80.18166666666667,665.3433333333334,6018.6088709677415,,1376.0975662517992,6352.758176523297,1266.1531936920114,0.49999999999999994,0.8660254037844387,7152.60752688172
Telangana,2022,1,,7152.60752688172,generation_proxy,True,1598.2366243332488,7152.60752688172,5321.54,1117.4341666666667,20.771666666666665,79.22583333333334,657.6933333333334,7154.833109318996,6686.907482078854,1494.904423904053,6620.116487455198,1342.403603762692,0.49999999999999994,0.8660254037844387,7171.443772401434
Telangana,2023,1,,7171.443772401434,generation_proxy,True,1298.6155795012583,7171.443772401434,5335.554166666667,753.8183333333333,14.106666666666667,85.89166666666667,710.6391666666667,7152.60752688172,6018.6088709677415,1598.2366243332488,6775.349835722819,1489.7462048297002,0.49999999999999994,0.8660254037844387,7814.725582437276
Telangana,2024,1,,7814.725582437276,generation_proxy,True,1503.631035460993,7814.725582437276,5814.155833333333,1042.76,17.704166666666666,82.295,681.7041666666667,7171.443772401434,7154.833109318996,1298.6155795012583,7159.628136200717,1463.918875912853,0.49999999999999994,0.8660254037844387,7954.921798631476
Tripura,2020,1,,723.7533602150538,generation_proxy,True,257.4774391624222,723.7533602150538,538.4725,1.5091666666666665,0.32,99.68,488.53,751.0069444444443,,215.50240747028863,751.0069444444443,215.50240747028863,0.49999999999999994,0.8660254037844387,716.7764336917562
Tripura,2021,1,,716.7764336917562,generation_proxy,True,267.7059083926826,716.7764336917562,533.2816666666666,1.0008333333333332,0.20583333333333334,99.79416666666667,489.0683333333333,723.7533602150538,,257.4774391624222,737.3801523297491,236.4899233163554,0.49999999999999994,0.8660254037844387,776.9735663082437
Tripura,2022,1,,776.9735663082437,generation_proxy,True,343.7294145758662,776.9735663082437,578.0683333333333,0.5533333333333333,0.09666666666666666,99.90333333333332,489.5808333333334,716.7764336917562,751.0069444444443,267.7059083926826,730.5122461170848,246.89525167513114,0.49999999999999994,0.8660254037844387,764.304435483871
Tripura,2023,1,,764.304435483871,generation_proxy,True,333.4835783536048,764.304435483871,568.6425,0.43333333333333335,0.07583333333333332,99.92416666666666,489.66333333333336,776.9735663082437,723.7533602150538,343.7294145758662,739.1677867383513,289.6375873769903,0.49999999999999994,0.8660254037844387,585.3976254480287
Tripura,2024,1,,585.3976254480287,generation_proxy,True,252.10605510752688,585.3976254480287,435.53583333333336,0.4908333333333334,0.11499999999999999,99.88499999999999,489.49916666666667,764.304435483871,716.7764336917562,333.4835783536048,752.6848118279569,314.9729671073846,0.49999999999999994,0.8660254037844387,569.3194037145649
Uttar Pradesh,2020,1,,14328.698476702508,generation_proxy,True,2355.7538102421286,14328.698476702508,10660.551666666666,904.65,5.801666666666667,91.33583333333333,749.9791666666666,14480.411066308243,,2490.544356678523,14480.411066308243,2490.544356678523,0.49999999999999994,0.8660254037844387,15802.290546594984
Uttar Pradesh,2021,1,,15802.290546594984,generation_proxy,True,2811.140531006039,15802.290546594984,11756.904166666667,901.895,5.43,92.25416666666666,760.6008333333333,14328.698476702508,,2355.7538102421286,14404.554771505376,2423.1490834603255,0.49999999999999994,0.8660254037844387,17942.787858422937
Uttar Pradesh,2022,1,,17942.787858422937,generation_proxy,True,3033.5083489537924,17942.787858422937,13349.434166666666,933.2233333333334,5.064166666666667,92.895,766.1425,15802.290546594984,14480.411066308243,2811.140531006039,14870.466696535244,2552.4795659755637,0.49999999999999994,0.8660254037844387,18468.892249103945
Uttar Pradesh,2023,1,,18468.892249103945,generation_proxy,True,3062.3386666666665,18468.892249103945,13740.855833333333,946.0783333333334,5.154166666666667,93.06166666666667,766.21,17942.787858422937,14328.698476702508,3033.5083489537924,16024.592293906811,2733.467563400653,0.49999999999999994,0.8660254037844387,19288.17652329749
Uttar Pradesh,2024,1,,19288.17652329749,generation_proxy,True,3385.4038950152876,19288.17652329749,14350.403333333334,1014.1991666666667,5.0625,92.81666666666666,764.2533333333334,18468.892249103945,15802.290546594984,3062.3386666666665,17404.65688470729,2968.9958488754996,0.49999999999999994,0.8660254037844387,19524.920576735094
Uttarakhand,2020,1,,1797.4820788530465,generation_proxy,True,1083.6540199189142,1797.4820788530465,1337.3266666666666,1284.8583333333333,95.03833333333334,4.9624999999999995,49.240833333333335,1960.4357078853047,,793.0516898098697,1960.4357078853047,793.0516898098697,0.49999999999999994,0.8660254037844387,1816.0719086021506
Uttarakhand,2021,1,,1816.0719086021506,generation_proxy,True,985.1072455442627,1816.0719086021506,1351.1575,1217.6616666666666,88.56833333333333,11.431666666666667,81.23583333333333,1797.4820788530465,,1083.6540199189142,1878.9588933691757,938.3528548643919,0.49999999999999994,0.8660254037844387,1856.518817204301
Uttarakhand,2022,1,,1856.518817204301,generation_proxy,True,1166.0743409000397,1856.518817204301,1381.25,1381.25,99.99833333333333,0.0,28.013333333333335,1816.0719086021506,1960.4357078853047,985.1072455442627,1857.9965651135008,953.9376517576821,0.49999999999999994,0.8660254037844387,1728.3893369175626
Uttarakhand,2023,1,,1728.3893369175626,generation_proxy,True,1025.097153951186,1728.3893369175626,1285.9216666666666,1256.4016666666666,97.3325,2.6641666666666666,40.87166666666666,1856.518817204301,1797.4820788530465,1166.0743409000397,1823.3576015531662,1078.2785354544055,0.49999999999999994,0.8660254037844387,1892.1415770609317
Uttarakhand,2024,1,,1892.1415770609317,generation_proxy,True,1042.3994001536098,1892.1415770609317,1407.7533333333333,1316.7425,92.6075,7.392499999999999,62.58083333333334,1728.3893369175626,1816.0719086021506,1025.097153951186,1800.3266875746713,1058.7595801318296,0.49999999999999994,0.8660254037844387,2016.3000977517106
West Bengal,2020,1,,8161.462813620071,generation_proxy,True,1646.9744440371455,8161.462813620071,6072.128333333333,372.66833333333335,6.086666666666667,93.91166666666668,773.0825,8705.096326164876,,1624.4078399185594,8705.096326164876,1624.4078399185594,0.49999999999999994,0.8660254037844387,9822.190860215054
West Bengal,2021,1,,9822.190860215054,generation_proxy,True,1884.8556478950247,9822.190860215054,7307.71,419.03583333333336,5.8183333333333325,94.18166666666667,773.9616666666666,8161.462813620071,,1646.9744440371455,8433.279569892473,1635.6911419778526,0.49999999999999994,0.8660254037844387,10265.863575268819
West Bengal,2022,1,,10265.863575268819,generation_proxy,True,1965.4825328554361,10265.863575268819,7637.802500000001,442.9158333333333,5.821666666666666,94.17916666666667,773.9549999999999,9822.190860215054,8705.096326164876,1884.8556478950247,8896.25,1718.7459772835766,0.49999999999999994,0.8660254037844387,10643.229166666666
West Bengal,2023,1,,10643.229166666666,generation_proxy,True,1897.6848950031624,10643.229166666666,7918.5625,400.58916666666664,5.085,94.91583333333334,779.7991666666667,10265.863575268819,8161.462813620071,1965.4825328554361,9416.505749701313,1832.4375415958687,0.49999999999999994,0.8660254037844387,10881.98700716846
West Bengal,2024,1,,10881.98700716846,generation_proxy,True,1872.6582163187857,10881.98700716846,8096.198333333334,379.73333333333335,4.69,95.31,782.9516666666667,10643.229166666666,9822.190860215054,1897.6848950031624,10243.761200716846,1916.0076919178744,0.49999999999999994,0.8660254037844387,10565.509530791789
